Credit_History,ApplicantIncome_log,CoapplicantIncome_log,LoanAmount_log,Total_income,Loan_income_ratio,Income_per_dependents
0.40110258133935983,-1.8263829699038578,0.8599592801867221,0.4807745225136372,-0.5483436137733789,3.317682475794675,-0.7959874911782975
0.40110258133935983,0.45941212852265845,-1.089202623230203,-0.03554449416178854,-0.19534384627733486,-0.20196478957056088,0.17749716590451686
0.40110258133935983,-0.6526002045679046,-1.089202623230203,-0.6143540975232947,-0.5979543919079581,1.1085075457451548,-0.7221653589030155
0.40110258133935983,0.7625364340680976,-1.089202623230203,-0.8532524971101161,-0.026885269974203402,-1.4041733092653452,0.4301344215360311
0.40110258133935983,0.3815636886496681,0.8935319445892199,0.5716128458620996,0.058298071603027316,-0.10441322211412739,0.5578838428707369
0.40110258133935983,0.4539962386272916,-1.089202623230203,0.11048785915812791,-0.19806971320780625,0.01270619640707711,0.17340918442180628
0.40110258133935983,-0.7581822791406219,0.7366408106730884,-0.5739085728497454,-0.46438691231486035,0.175452914793576,-0.754017547955802
0.40110258133935983,-0.08967543911578056,-1.089202623230203,-0.1287455097961665,-0.4292232289117795,0.7132853319824615,-0.17325164531205145
0.40110258133935983,-0.5166144465873025,0.8455548678896615,0.13842093049233162,-0.3200522583464006,0.5761414887791678,-0.5137805028218433
0.40110258133935983,-0.3983637738689434,0.933467036716031,0.5492986350767307,-0.18839288560463283,0.689730928328084,-0.4150557500143826
0.40110258133935983,-0.24428384994103503,0.8289099692249657,-0.32975057924543255,-0.25435886532204033,-0.3906500326275361,0.08899236680383267
0.40110258133935983,-0.722960366999019,0.8086182293058177,0.7312628966111673,-0.4049630132305842,2.458180507798806,-0.5774508144150606
0.40110258133935983,0.5975547805745021,0.6967549772924508,0.7003659850610041,0.013730147289820204,0.21096263446390917,-0.5150068972666565
0.40110258133935983,-0.8225340733223482,1.0204177431838852,-0.24345570737388644,-0.161134216299919,-0.5654097553436381,0.22880133351253473
0.40110258133935983,-0.3075475948296036,0.8165373610691041,-0.03554449416178854,-0.28502486828984336,0.1305925769729445,-0.6643544874350166
0.40110258133935983,-0.16489005535807552,0.9159344588076288,0.05338624364677921,-0.13701029396524728,-0.2662595119676988,0.2649799696345234
0.40110258133935983,-0.8845485906423316,-1.089202623230203,-1.6753675733798945,-0.6517902637847679,-0.18806809757736268,-0.5070353333753709
0.40110258133935983,0.06126935624639157,-1.089202623230203,-0.24345570737388644,-0.3727977834510219,0.2065201500056764,-0.0886304286199423
0.40110258133935983,-0.17454852779730967,-1.089202623230203,-0.09717871729926847,-0.45866259176087043,0.9696430258731633,-0.7511559609179046
0.40110258133935983,0.31338059690059555,0.7285477742215214,0.6899567646025121,-0.11152343816533984,0.6241203197556113,-0.3574152111081634
-2.493127809501511,0.3621345698418984,-1.089202623230203,-0.4200605817403498,-0.2429102242140605,-0.5368232661189203,0.10616188903121714
0.40110258133935983,-0.4760440933382879,-1.089202623230203,-2.852068079293627,-0.5513420673968975,-1.7144577975212676,-0.3563932157374857
-2.493127809501511,-0.5910058752676809,0.9920384634768886,-0.03554449416178854,-0.15486472235983484,-0.32874620646291264,0.23820369092276908
0.40110258133935983,-0.39557593739758795,1.0805562839898304,-0.11289795269353355,0.07369921976019063,-0.940599432944306,0.5809809382480517
0.40110258133935983,-0.9636558773072007,-1.089202623230203,-2.0222646168781147,-0.6684180520606433,-0.5064831797051125,-0.5319720204199054
0.40110258133935983,-1.394335262747412,0.8286000094280394,-1.7109890308598328,-0.5186316642312409,-0.9636458799050862,-0.30733743794495866
0.40110258133935983,-0.1806151710334135,0.8286000094280394,-0.3474796062487115,-0.23364227665045778,-0.47865042797542706,0.12006102607243313
0.40110258133935983,-0.8225340733223482,0.933467036716031,-0.7193156032573852,-0.29742756282348815,-0.7099186622700613,-0.49681537966859435
0.40110258133935983,-1.1822178410521642,0.6238465887962124,-0.6348973047213047,-0.607494926164608,1.1635510760789955,-0.8736761726059765
-2.493127809501511,-0.30930493594860325,0.8953350658709087,-0.17707949933569211,-0.20829171419707393,-0.34616407650412423,0.1580792538616416
-2.493127809501511,-0.4147248549023261,0.8648574434796352,-0.29477098487743464,-0.27262217375619857,-0.283485517671762,-0.6581543821862388
0.40110258133935983,-0.6597164283221155,0.8546862875375253,-0.11289795269353355,-0.3485375677698266,0.2952761191414433,-0.5351402060690061
0.40110258133935983,-1.754601338775213,-1.089202623230203,-2.5528130577765915,-0.795988624406704,0.08429106620478855,-0.7232895538107609
-2.493127809501511,0.21143321025299344,-1.089202623230203,-1.1525075186271514,-0.3110568974758451,-1.0991909753921827,-0.6773678951549785
0.40110258133935983,-1.3352113018045604,-1.089202623230203,-1.4743625039306285,-0.7362921386293808,1.064343249026995,-0.8258978890267966
0.40110258133935983,-1.2373759238357835,-1.089202623230203,-0.03554449416178854,-0.7199369370465525,4.847084648241379,-0.6092348704431355
0.40110258133935983,0.13032991973493963,-1.089202623230203,-0.6348973047213047,-0.3451302341067374,-0.45307613683098047,-0.04713741657042985
0.40110258133935983,-0.5106119053358174,0.9100043821504993,0.3234480088036172,-0.24972489154023894,0.562035478798431,0.09594193532444067
0.40110258133935983,-0.5031406321386027,0.9733307455986873,0.40974288067516323,-0.16127050964644257,0.33915676734331274,0.2285969344383992
0.40110258133935983,0.6017603447614105,-1.089202623230203,0.830839336577744,-0.12024621234284827,0.9208643523946224,0.2901210557531935
0.40110258133935983,-1.3394221365410501,0.8591338198589314,-0.5739085728497454,-0.4814235806303065,0.2754856472757915,-0.7625341760447825
0.40110258133935983,-1.1378022175124543,1.1869272579298422,-1.2071960636421286,0.2063126459276234,-1.8714679815656594,0.7798612373819218
0.40110258133935983,-0.5690955822891688,0.7043885961192706,-0.5147776575567163,-0.43617418958448156,0.1113790536578391,-0.6008545084035788
0.40110258133935983,-0.5076191583684388,-1.089202623230203,-1.0993174800272751,-0.5600648415744058,-0.02960734527772276,-0.8558934531561855
0.40110258133935983,0.8421772775237957,-1.089202623230203,-0.03554449416178854,0.022998094853422905,-0.7660434314580843,-0.25654426802227964
0.40110258133935983,-1.190638506124834,0.9014902718908474,0.05338624364677921,-0.4106873337845741,0.9375383919423581,-0.14545337122961946
0.40110258133935983,0.7149619030353517,-1.089202623230203,0.830839336577744,-0.05550687274415292,0.6620226257426849,-0.3154112013733121
0.40110258133935983,1.903944249398877,-1.089202623230203,2.3437543820202125,0.9950422422595181,0.7587595561925649,1.9627186794042302
-2.493127809501511,-0.014954827178356242,0.8501608951280031,0.3976474212079777,-0.15513730905288198,0.29646545038336974,-0.7040760408420211
0.40110258133935983,2.3620672159008436,-1.089202623230203,2.9635918126139864,1.6630159335715302,0.8662566882072289,0.9732227615141326
0.40110258133935983,-0.20182826280847926,0.692327050923202,-0.5147776575567163,-0.3338178863452811,-0.3449871770707727,-0.7710678373899408
0.40110258133935983,1.0190708413798335,0.9945804981178575,0.45738490265634635,0.5748498549273544,-1.1054458235236344,-0.23450323452799837
0.40110258133935983,0.21143321025299344,1.0324636036198604,1.1521549928141692,0.188730804226083,0.43889496801072,-0.42752409353664994
0.40110258133935983,0.5128359294308062,1.07559394218576,-0.16083409102470372,0.42261018686052765,-1.4399804993012035,1.1042425680350068
0.40110258133935983,0.4997141320561438,-1.089202623230203,0.3976474212079777,-0.17476355095227591,0.37139331862472014,-0.4048357963076062
0.40110258133935983,-0.0771007185927133,1.207203896678311,0.6689693713908094,0.5579494799584318,-0.88646749055778,1.3072108486515874
-2.493127809501511,-0.0771007185927133,-1.089202623230203,-0.2266476806081922,-0.42472554847650174,0.512592002639785,-0.16650647586557898
0.40110258133935983,0.8169362428567195,-1.089202623230203,-0.16083409102470372,0.0069154799636417475,-0.8636920622176556,0.48082539192164236
-2.493127809501511,-0.8170702523425326,1.016624313460374,0.45738490265634635,-0.16685853685390892,0.43973294358172577,0.22021657239884251
0.40110258133935983,-0.7828977192340506,1.0736180871678487,-0.1447235009341487,-0.04310417821050813,-0.7431237637318343,0.40581093171390314
0.40110258133935983,1.2362666381455218,-1.089202623230203,0.7414535497462612,0.31044076267163023,-0.43034532174855705,0.9360221300214662
0.40110258133935983,-0.10428039597951848,1.0164744112006416,0.2852569745562345,0.0354007893870677,-0.425293980501555,0.523544798415968
0.40110258133935983,2.467917924551402,1.1869660290494748,2.5303998972442203,2.7555433993044605,-0.7329980484235467,4.6029415200128625
-2.493127809501511,1.0810269737169673,1.1117181176356103,2.0563366835476193,0.8677442566065044,0.47702830965792564,0.3768884627237257
0.40110258133935983,-0.630902882845989,-1.089202623230203,-0.553997475593079,-0.5925026580470153,1.177431669541324,-0.41812173612641557
0.40110258133935983,0.9687545299009818,0.32865270433461446,1.2871883650718594,0.14034666621021594,0.823508604439066,-0.16855046660693426
0.40110258133935983,-0.7138502661238921,0.8778676286059878,-0.32975057924543255,-0.3381792734340353,-0.07874613726555009,-0.03671306378951786
0.40110258133935983,0.1159510106846189,0.8749029249008385,0.2462995141071851,-0.07935820838577752,-0.17733216421740788,-0.6756645695371826
0.40110258133935983,0.4172232438105532,1.0654980769327975,0.5716128458620996,0.35160135332174813,-0.6981914904599462,0.997750650410396
-2.493127809501511,-1.0102137782001785,0.7554185074160644,-0.0815857421869501,-0.5067741430836904,1.3791773511772927,-0.7752069186411853
0.40110258133935983,2.678645423628673,-1.089202623230203,2.0251084236114134,2.2516668972068254,-0.9620119400291771,0.198294771697807
0.40110258133935983,-1.3960824093440256,0.8581674395197957,-0.7193156032573852,-0.49137299492652703,0.10882313688801065,-0.2664576231178528
0.40110258133935983,-0.2578416394089774,-1.089202623230203,-2.198869491244577,-0.48605755441210785,-1.470536393952027,-0.2584860592265672
0.40110258133935983,-0.8978864956775892,-1.089202623230203,-1.539078995454755,-0.6546524240617628,0.027714490945690364,-0.511327713932217
0.40110258133935983,-0.24344033564572654,1.0993414343955252,0.5826744995192615,0.16596981535664693,-0.34321286005357005,0.7193591114378051
-2.493127809501511,1.0127967361357737,-1.089202623230203,0.298070981241401,0.1387111460519331,-0.6300522456612795,-0.16977686105174744
0.40110258133935983,-0.4379185675739251,1.0204177431838852,-0.7629424946151988,-0.0635481801890435,-1.2777233307435916,-0.5536383222782715
0.40110258133935983,0.48408903496178907,1.0694983754415888,1.591916508241647,0.39398858409057813,0.6627082743587106,1.0613187624665457
0.40110258133935983,-0.6630116726736536,0.8116164046108592,-0.7193156032573852,-0.38792634491513805,-0.3932447885379873,-0.5646758722815901
0.40110258133935983,0.37130743100862057,1.0937310744357944,0.42176344517640807,0.3949426375162431,-0.9177389370640526,-0.3244388271476313
0.40110258133935983,-0.8329064229447963,0.9183565981942405,-0.16083409102470372,-0.31909820492073565,0.08605780580762856,-0.008097193410543753
0.40110258133935983,0.0035470572031051735,0.8475801105680522,-0.20998393052974493,-0.1506396286176042,-0.5547670498330396,-0.38674647824661185
0.40110258133935983,1.7538066013565772,-1.089202623230203,-2.2935865670609457,0.8149987315018832,-2.463940794897866,0.3373372418785008
0.40110258133935983,0.787995053859297,-1.089202623230203,-0.16083409102470372,-0.01121153512399295,-0.8274525732368854,0.453640315061617
0.40110258133935983,0.8699436038121302,-1.089202623230203,0.7003659850610041,0.04098881659453403,0.1308758167364449,-0.5013802923242879
0.40110258133935983,-0.635218593499502,0.9234563659620998,-0.31218199812549635,-0.2658075064300201,-0.3298071167501973,0.0718228445764482
0.40110258133935983,-1.0766444693865878,0.7832921265212884,-0.8302780873847417,-0.5002320624505591,-0.004324718359592772,-0.6488882908254282
0.40110258133935983,-0.7523541578754499,-1.089202623230203,-1.2071960636421286,-0.6220783142426298,0.26200634983087234,-0.4624763352138254
0.40110258133935983,-1.0184526201619775,0.8052456251782478,-0.4386379001988441,-0.47201933972018023,0.43919921352969665,-0.23743295459060765
-2.493127809501511,0.1939439996688889,-1.089202623230203,-0.03554449416178854,-0.3185530315346414,0.2776514086443046,-0.5126563079140979
0.40110258133935983,-0.5469737954232994,-1.089202623230203,-0.27751473823880274,-0.5706957226032443,1.5515173306457293,-0.8598792351018283
0.40110258133935983,0.9023461341824537,-1.089202623230203,-0.03554449416178854,0.06238687199873439,-0.8429415382480173,-0.622520810261945
0.40110258133935983,-0.5989051465300512,-1.089202623230203,-1.5064510851591657,-0.5843250572556012,-0.4238344516029003,-0.40585779167828384
0.40110258133935983,0.22465954417253708,0.88631506712208,0.6794914294769514,-0.021433536113260633,0.28726378235372996,-0.532585217642312
0.40110258133935983,0.7658804624750397,-1.089202623230203,-0.0815857421869501,-0.024840869776349864,-0.7148848838602087,-0.6552246621236296
0.40110258133935983,-0.39047763528162005,0.8413085607161415,0.6899567646025121,-0.288295908606409,1.490037727365205,-0.48996801068505413
0.40110258133935983,0.17787508587165715,-1.089202623230203,-0.47633452085272915,-0.32536769886081984,-0.3274232175915105,-0.0174995508207781
0.40110258133935983,-0.6116266433192471,0.9619202027958244,0.1931094755073106,-0.20720136742488537,0.17054536636096862,0.15971444645472582
0.40110258133935983,0.2933901007746694,0.8448277044294051,0.7003659850610041,-0.03301847056776401,0.3589053405844948,-0.6582906482356625
0.40110258133935983,-0.45855634815570556,0.8514416893566562,-0.9238535489580523,-0.29838161624915316,-0.9188627089799817,-0.6710315238567771
0.40110258133935983,-0.7059217591364244,0.9065864420144976,-0.1287455097961665,-0.3039696434566195,0.06954613445053884,0.014591103818500002
0.40110258133935983,0.5214370431644084,1.0705952926730313,1.8030018967908084,0.4157955195343492,1.0031668109777372,0.03799479780701811
0.40110258133935983,-1.5902032570292355,1.4709256092461813,1.176677192108775,1.9514126548154025,-1.4990282811778772,0.453640315061617
0.40110258133935983,-0.457107729172969,0.5094396889272791,0.06781987864439544,-0.4800606471650708,1.4788378392982955,-0.7618528457976641
0.40110258133935983,-0.8896164395610788,0.920212829812761,-0.03554449416178854,-0.3291839125634798,0.3273839084447446,-0.5206278718053835
0.40110258133935983,1.169892944889024,-1.089202623230203,0.6794914294769514,0.25687747748786754,-0.40612805613414665,-0.5496014405640948
-2.493127809501511,-0.0771007185927133,-1.089202623230203,-0.553997475593079,-0.42472554847650174,-0.0053923001328719244,-0.16650647586557898
0.40110258133935983,-0.6406298496675664,0.5357683639252817,-1.321424006847882,-0.5219027045478065,-0.534077311544717,-0.31224301572421137
0.40110258133935983,0.10786834767040142,0.8645877445092507,0.6794914294769514,-0.09326012973118157,0.5358909159924132,0.3305920724320283
0.40110258133935983,0.22716635010238093,-1.089202623230203,-0.19346200132029293,-0.3042422301496666,-0.02426539156062834,0.014182305670228943
0.40110258133935983,0.9545876779548638,-1.089202623230203,0.830839336577744,0.09782314209486237,0.17158566998111924,-0.4729688210194493
0.40110258133935983,-0.1948618532877416,-1.089202623230203,-1.4427957114337304,-0.4654772590870489,-0.9034073814877498,-0.6228274088731481
0.40110258133935983,-0.5531162473399727,-1.089202623230203,1.3024743886514991,-0.5723312427615271,7.090322462374117,-0.8604924323242349
0.40110258133935983,4.226067740140144,-1.089202623230203,2.57042842804561,7.639888058669609,-1.8980546181739495,11.927991139807826
0.40110258133935983,1.3148290889740923,-1.089202623230203,-0.03554449416178854,0.3768156224286084,-1.2981848359415764,1.035564479125469
0.40110258133935983,-0.25741619409252586,0.9740384981001037,0.2852569745562345,-0.08726322248414453,-0.10005887492278287,-0.33922369351010123
0.40110258133935983,0.2630753779505273,-1.089202623230203,-0.03554449416178854,-0.28843220195293257,0.14489823723545808,0.037892598269950346
0.40110258133935983,0.6359755053578154,-1.089202623230203,0.8787754749089158,-0.10116514382954858,0.9323212129819844,-0.5724430370987402
0.40110258133935983,0.07373864985628588,0.8028583455767085,-0.03554449416178854,-0.16236085641863113,-0.30620096644870315,-0.39553563843443956
-2.493127809501511,-0.4942214561339104,0.9067011044424877,-0.06611701520833549,-0.24917971815414466,-0.05591808837545637,0.09675953162098279
0.40110258133935983,-1.270934048217117,0.9267658060116243,0.009430064701986622,-0.39365066546912797,0.748635979787058,-0.5689682528384362
0.40110258133935983,-1.3126645650043094,0.9191225437610197,-0.16083409102470372,-0.4102784537450034,0.5420155803877947,-0.14484017400721286
0.40110258133935983,-0.9636558773072007,-1.089202623230203,-5.1893585010305365,-0.6684180520606433,-2.371802691853111,-0.5319720204199054
0.40110258133935983,2.416466338554013,-1.089202623230203,3.1189799188096123,1.7559679959006045,1.0386474240623205,3.10387871030289
-2.493127809501511,0.009307236648447932,-1.089202623230203,-0.050770571935116256,-0.39283290538998655,0.6347761282003754,-0.7182477099820844
0.40110258133935983,-0.7258180715706071,0.7943248556576363,-0.32975057924543255,-0.4169568277246583,0.2972047339519362,-0.1548557286398538
0.40110258133935983,-0.9603347933114932,0.8930489805259627,-1.5722646747426543,-0.3763414104606347,-1.287527251931839,-0.09394480454746607
0.40110258133935983,1.9343346993492367,-1.089202623230203,-1.2071960636421286,1.0336132593256881,-2.261024738198978,-0.005167473347934561
0.40110258133935983,0.5206570542433595,0.9405023533256281,0.6477526032199719,0.18627752398865874,-0.3028102214394317,0.7498145734839989
0.40110258133935983,-1.3864969059727272,0.8440984897295908,-0.6143540975232947,-0.5033668094206011,0.3477882913121295,-0.2844447416417794
0.40110258133935983,-0.36933380119560394,-1.089202623230203,-0.1287455097961665,-0.5205397710825709,1.3979534354791663,-0.31019902498285606
-2.493127809501511,0.1868937883126316,-1.089202623230203,0.4691149381291596,-0.3215514851581599,1.2168925947863067,-0.6826141380577905
0.40110258133935983,-0.034045077757195806,-1.089202623230203,-0.5147776575567163,-0.4090518136262913,-0.02514155240448677,-0.7992749096206438
0.40110258133935983,-0.9490950020326303,1.041670991791452,-0.03554449416178854,-0.1475048816475621,-0.35049237970054775,0.24924124092608765
0.40110258133935983,-1.2953478246766892,0.825165694621653,-0.5147776575567163,-0.5056837963115018,0.5307024404995733,-0.2879195259020834
0.40110258133935983,0.3304840302697057,-1.089202623230203,-0.005445984829077835,-0.25776619898512954,0.06539963522617258,-0.6507278824926479
-2.493127809501511,-0.8225340733223482,0.8640475009695394,-0.2266476806081922,-0.3777043439258704,0.25729345098873774,-0.09598879528882136
0.40110258133935983,2.4552685170151576,-1.089202623230203,-0.03554449416178854,1.8242509625089125,-2.0830300314719676,3.2062826464447904
0.40110258133935983,-0.1000387539773146,-1.089202623230203,-2.2935865670609457,-0.4329031492679159,-1.657632428536406,-0.8082173691140733
0.40110258133935983,-0.8225340733223482,0.8363901578053695,-0.5342885249461014,-0.4041452531514428,-0.07626467944822622,-0.13564221567111406
0.40110258133935983,-3.720152341499899,1.6606567145952296,1.91722983999656,4.74310927165767,-1.8284612124387096,1.132398540497176
0.40110258133935983,-0.24344033564572654,0.88631506712208,-0.16083409102470372,-0.19752453982171198,-0.35919086280348483,-0.6206130855700134
0.40110258133935983,1.3074150111483172,0.8286000094280394,1.0594933062468432,0.5974745504502669,-0.513337000107823,1.366486580150891
0.40110258133935983,-1.358084201462597,0.9664176766283388,-0.2604105309912804,-0.3528989548585808,0.08664719586136974,-0.05878816379615502
0.40110258133935983,0.4997141320561438,-1.089202623230203,0.13842093049233162,-0.17476355095227591,-0.02822197866248169,0.2083614260989818
0.40110258133935983,0.3380914385854118,1.067290477837627,1.391745977126271,0.3176643100373794,0.504251998550851,-0.3630702521592463
-2.493127809501511,-0.5510661108983884,0.9016072166744142,0.082146991379954,-0.270577773558345,0.25249701722305284,0.06466887698170469
0.40110258133935983,2.1151475132744397,0.9062421492581675,-0.8075723903685499,1.5857376060926667,-2.2805126897405685,0.9152756239967099
0.40110258133935983,0.9412896364628027,-1.089202623230203,1.4490583302587958,0.08869148787778323,1.3303088359774455,0.60346483640296
0.40110258133935983,-0.24344033564572654,-1.089202623230203,-0.5147776575567163,-0.4814235806303065,0.37139331862472014,-0.2515364907059592
0.40110258133935983,-0.2531680252043046,0.844973300850976,0.009430064701986622,-0.24263763752101336,0.02886592094997542,0.1065706871794882
0.40110258133935983,-0.4716539910019225,0.7867793092229266,0.11048785915812791,-0.3569877552542879,0.7224171783048354,-0.0649201360202209
0.40110258133935983,-0.8801275082479226,-1.089202623230203,-1.640387979011895,-0.650836210359103,-0.14761242847026562,-0.5056045398564222
-2.493127809501511,-0.3480184424213084,-1.089202623230203,-1.047546012893061,-0.5141339837959631,-0.22973738498679716,-0.3005922684984862
-2.493127809501511,0.626275060766426,-1.089202623230203,-0.4200605817403498,-0.10661687769049134,-0.8889318497426086,0.3105609631667465
0.40110258133935983,1.2597428471947842,-1.089202623230203,-0.29477098487743464,0.32993071122450063,-1.4417226092091222,-0.35693827993518046
0.40110258133935983,-0.007310166795915881,-1.089202623230203,0.082146991379954,-0.39910239933007075,0.9191434550992307,-0.7213818291188293
0.40110258133935983,-0.8681893698071115,0.8461351295017979,0.20654423476157405,-0.40523559992363134,1.208647183537428,-0.1372774082641983
0.40110258133935983,0.4194428160424535,-1.089202623230203,-0.005445984829077835,-0.21524267486977597,-0.09275743172254013,-0.7266110387654632
0.40110258133935983,1.3074150111483172,-1.089202623230203,0.3360131980704978,0.37040983514200065,-0.967317927287406,0.003962351963452477
0.40110258133935983,0.9119185048787078,-1.089202623230203,1.1847829031097583,0.06879265928534214,0.8693857219732501,-0.2222052235675107
-2.493127809501511,-0.16208407856301077,0.8387865266662615,0.25937239155140324,-0.21824112849329447,0.31877718724453574,0.14315812144974793
-2.493127809501511,-0.32033279142728777,1.0621898484431243,0.298070981241401,0.05502703128646166,-0.4546654692101827,0.5529782650914843
0.40110258133935983,-0.5317212574488798,0.9419067379032345,0.5153389067497203,-0.21456120813715812,0.7449650120943254,-0.43467806113139346
0.40110258133935983,-0.8782365363154776,0.8736032417223771,0.13842093049233162,-0.3801576241632946,0.910024576219043,-0.5588504986687275
-2.493127809501511,0.1319934312077462,-1.089202623230203,-0.6143540975232947,-0.3444487673741195,-0.4303585081092242,-0.7750536193355837
-2.493127809501511,-1.4039685479313488,0.9748324103286164,-0.6556602295319499,-0.34731092765111443,-0.47038187033767476,-0.05040780175659832
-2.493127809501511,0.5725871449597266,1.080497765270924,0.9162899749224511,0.46567888436197546,-0.48363924381089296,1.1688326754618341
0.40110258133935983,0.887362543356896,-1.089202623230203,0.6794914294769514,0.05243745770251384,0.06721242975448248,-0.49565711824849307
0.40110258133935983,-0.14455962451637266,-1.089202623230203,-0.03554449416178854,-0.44844059077160275,1.0184657839715314,-0.8140427427269359
0.40110258133935983,-0.6185604299806872,0.9718203066995734,0.009430064701986622,-0.19411720615862274,-0.1446002130721721,0.17933675757173664
0.40110258133935983,1.3074150111483172,-1.089202623230203,0.9621860833292607,0.37040983514200065,-0.25999885108905896,1.0259577226410992
0.40110258133935983,-0.28531103836409555,-1.089202623230203,-0.6143540975232947,-0.4947803285896163,0.29304596022996754,-0.6448003093427176
0.40110258133935983,-0.39094043859505256,0.9642246077834374,-0.27751473823880274,-0.14314349455880787,-0.6517552185246047,0.2557820112984246
0.40110258133935983,-0.6148230746821965,1.146509002340773,0.3360131980704978,0.18859451087955942,-0.6812743488657301,0.753289357744303
-2.493127809501511,-0.62445132336532,0.828289677530427,-1.2071960636421286,-0.36407500927351344,-1.0055504773629318,-0.7824119860044627
-2.493127809501511,0.2990847676585133,0.7891384577238221,0.40974288067516323,-0.07731380818792398,0.0488445604271571,-0.3317631273041544
-2.493127809501511,-0.31326610923300563,-1.089202623230203,-0.32975057924543255,-0.5035031027671247,0.8498624705605669,-0.7735717260481011
0.40110258133935983,0.11628689332190145,0.7812515197023686,0.2723578243450625,-0.16181568303253685,0.12487100233269714,-0.6027622330955104
0.40110258133935983,0.09736671446962432,1.0264747696074716,-0.03554449416178854,0.12985207852790112,-0.9621134657653595,0.6651933567918898
0.40110258133935983,-0.4726285164620814,-1.089202623230203,-0.9479695729264843,-0.5503880139712325,0.1309342988020881,-0.354962422218537
0.40110258133935983,0.12532885860513435,-1.089202623230203,0.11048785915812791,-0.3471746343045909,0.6684674150240759,-0.050203402682462796
0.40110258133935983,-0.26295593230678777,0.8758088307479136,-0.16083409102470372,-0.2151063815232524,-0.30341287763585645,0.14785930015486512
0.40110258133935983,-0.8074031682961056,1.1702720673322495,0.7003659850610041,0.21707982030298537,-0.2995101100602725,0.7960087642386287
0.40110258133935983,-0.2612493293250785,0.9405023533256281,0.5492986350767307,-0.13701029396524728,0.47860252057336533,0.2649799696345234
0.40110258133935983,1.0190708413798335,-1.089202623230203,1.4840379246267936,0.1432088264872109,1.2027542683152195,0.6852244660571717
0.40110258133935983,0.7027253116312167,-1.089202623230203,0.15223817718047591,-0.06273042010990208,-0.3477033377073951,0.3763774650383869
0.40110258133935983,-0.8845485906423316,-1.089202623230203,-1.2922307504876829,-0.6517902637847679,0.3873779305162081,-0.5070353333753709
0.40110258133935983,-0.0771007185927133,-1.089202623230203,-2.1085594887496617,-0.42472554847650174,-1.5593452084508435,-0.16650647586557898
0.40110258133935983,0.06370165483907327,0.75001109590775,0.37322804307620333,-0.20433920714789042,0.44989288247017406,-0.4270130958513111
0.40110258133935983,-0.3154710566117383,-1.089202623230203,-0.59402600639447,-0.5041845694997426,0.38656152415948397,-0.28567113608659256
0.40110258133935983,-0.7942067012555879,0.8160494594967788,0.5492986350767307,-0.415457600912899,2.072920144201875,-0.8016765987417364
0.40110258133935983,0.4997141320561438,-1.089202623230203,0.8787754749089158,-0.17476355095227591,1.2705277375209236,-0.6092348704431355
0.40110258133935983,-0.5531162473399727,0.8966494069672921,-0.06611701520833549,-0.2768472674984292,0.05115314132810108,-0.6602665059523061
-2.493127809501511,-0.42651586785038503,0.835334720306775,0.2723578243450625,-0.3042422301496666,0.7353993319952402,-0.6739612439193865
0.40110258133935983,-1.4198598124380093,0.9041667072830302,-0.38343091080520136,-0.4454421371480842,0.3701986540588388,-0.6078040769241868
0.40110258133935983,0.9442765415303511,1.205621712945907,2.5303998972442203,1.0674140092635334,0.9818417759336331,0.011729516780602592
0.40110258133935983,-0.13902414871350974,0.8059236752448005,0.492364497024346,-0.23854883712530628,0.8152176835076858,-0.6411211260082781
0.40110258133935983,-0.35252962239738705,0.7173471873598269,0.06781987864439544,-0.3678912229761734,0.7058738511129822,-0.5496525403326287
0.40110258133935983,-0.07672122320890123,0.7921913653660518,0.37322804307620333,-0.22737278271037362,0.5484939348788272,-0.635534217981907
0.40110258133935983,2.0623839859403272,-1.089202623230203,1.3401710093053842,1.2045251158662438,-0.8919066534444986,2.2768800563505387
-2.493127809501511,0.5115286391462837,-1.089202623230203,-0.24345570737388644,-0.16863035035871532,-0.5448462215573507,0.21755938443508063
0.40110258133935983,-0.6868307263222373,0.856641504938031,-0.06611701520833549,-0.3533078348981515,0.3952509483135081,-0.05940136101856161
-2.493127809501511,3.499339083257113,-1.089202623230203,2.9635918126139864,4.459073937502551,-1.0272152640355952,1.0259066228725653
0.40110258133935983,-0.7858659339391209,1.2032665325120078,1.477092246504291,0.3379720186693912,0.6007975519782828,-0.02036113785867551
0.40110258133935983,0.13299069867004334,-1.089202623230203,0.37322804307620333,-0.3440398873345488,1.1555060583206667,-0.045502223977345616
0.40110258133935983,0.6934270342674664,-1.089202623230203,-0.03554449416178854,-0.06818215397084484,-0.5628886267875288,0.3682015020729657
0.40110258133935983,1.4339272878021312,-1.089202623230203,1.1356330636047172,0.48394219279613376,-0.23594225365779545,1.196222151395995
0.40110258133935983,-0.3858570372854904,-1.089202623230203,0.11048785915812791,-0.5254463315574194,2.0020382901053817,-0.7845411430267079
0.40110258133935983,0.16652888386501305,0.6486404702269623,-0.0815857421869501,-0.21701448837458234,-0.1918605801878209,0.1449977131169677
0.40110258133935983,-0.7338472310534252,0.8545460616378755,-0.24345570737388644,-0.3666645828574613,0.17680712421396566,-0.5487327444990188
0.40110258133935983,-0.5444214663637553,0.7836614214979014,-0.27751473823880274,-0.3792035707376296,0.18490617989069255,-0.7114344075109001
0.40110258133935983,0.2707087205207138,-1.089202623230203,0.0241929872865801,-0.28502486828984336,0.22297137811812698,-0.4875152217954278
0.40110258133935983,-0.20347188822577242,-1.089202623230203,-0.31218199812549635,-0.46833941936404383,0.6344785845454676,-0.23191417958894836
0.40110258133935983,0.12131658956517974,-1.089202623230203,-0.9238535489580523,-0.3488101544628737,-0.7694943944010323,-0.5353446051431416
0.40110258133935983,0.1681547631949627,1.1429943378264085,0.9069790939356179,0.43705728159202595,-0.44818188160812245,-0.30338572251167173
0.40110258133935983,-1.226346310040022,0.9740384981001037,-0.27751473823880274,-0.3193707916137828,-0.08267451866537463,-0.5132695051365045
0.40110258133935983,-0.4537327705617214,0.8802913435498974,0.2462995141071851,-0.2677156132813501,0.5108604099682789,-0.6557015932966124
0.40110258133935983,0.16098835513004026,1.0420787307398098,0.2852569745562345,0.18627752398865874,-0.7325040894901862,0.7498145734839989
0.40110258133935983,0.8689006860848173,0.6993246449693648,0.5716128458620996,0.17796362985072103,-0.38260834383939496,0.7373462299617317
0.40110258133935983,-0.9490950020326303,-1.089202623230203,-1.0732591697893996,-0.6654195984371248,0.9208643523946224,-0.5274752407889237
0.40110258133935983,0.11090419022040188,-1.089202623230203,-0.4016593542579271,-0.35303524820510435,-0.11713893739390506,-0.5385127907922423
0.40110258133935983,0.4997141320561438,0.9062421492581675,1.3771495552463011,0.13189647872575466,1.025309259640141,0.6682593429039227
0.40110258133935983,-0.30974457657678056,-1.089202623230203,-0.5147776575567163,-0.5024127559949362,0.5083026752036498,-0.6505234834185124
0.40110258133935983,-0.5146110665168753,-1.089202623230203,-0.5147776575567163,-0.5619729484257359,0.9694880085816338,-0.372336343520057
0.40110258133935983,-0.57896979109954,0.7943248556576363,-0.6143540975232947,-0.38029391750981817,-0.2901247914882882,-0.09987237769739642
-2.493127809501511,-0.3844734868028216,0.7543873674782128,-0.03554449416178854,-0.3546707683633872,0.45336568729901777,-0.7788861019756248
0.40110258133935983,-0.3538854900028846,0.8711156953795325,-0.2266476806081922,-0.24822566472847968,-0.27899685941751584,0.09819032513993149
0.40110258133935983,1.5169487674829631,0.7274034322037798,1.0594933062468432,0.717003815351437,-0.6750042596341379,-0.16344048975354603
0.40110258133935983,-0.05449069306678292,0.7068838513972718,-0.32975057924543255,-0.2748028673005757,-0.3212934329205855,-0.6592445105816284
0.40110258133935983,-0.8845485906423316,1.091048172710082,0.5826744995192615,-0.024840869776349864,0.1462579398713668,-0.5342885432601081
0.40110258133935983,-0.14416359007245924,1.0031674086691773,0.8976233410599068,-0.0020798809069138163,0.5893752972192526,0.46733505302869743
0.40110258133935983,-0.5962676688391798,1.0141397413973239,-1.640387979011895,-0.11806551879847116,-1.779154839843563,0.293391440939362
0.40110258133935983,0.07373864985628588,1.1430402904422379,1.3024743886514991,0.39875885121890303,0.16923683398609224,1.0684727300612893
-2.493127809501511,0.658301630232375,-1.089202623230203,-0.03554449416178854,-0.08848986260285666,-0.5120619383358601,-0.5661066658005388
0.40110258133935983,-0.9340142935971011,0.5203972025938626,-0.005445984829077835,-0.5934567114726803,2.4972156787836868,-0.41955252964536427
0.40110258133935983,0.07373864985628588,-1.089202623230203,-0.29477098487743464,-0.3678912229761734,0.10422742927538842,-0.08127206195106325
-2.493127809501511,-1.071653181109509,-1.089202623230203,-1.5064510851591657,-0.6898161074648437,0.41313611419906987,-0.5640626750591835
0.40110258133935983,-0.9523925371361597,-1.089202623230203,-0.03554449416178854,-0.6661010651697427,3.5816640158296313,-0.7732651274368978
0.40110258133935983,-0.26851514766639145,-1.089202623230203,-0.32975057924543255,-0.48946488807519706,0.7472980360945558,-0.2635960360799554
0.40110258133935983,2.1707014641457603,-1.089202623230203,1.0594933062468432,1.3603084109426833,-1.2629945890196983,2.510508198087449
-2.493127809501511,0.5248125560019757,-1.089202623230203,0.9981373878857506,-0.16167938968601328,1.4616822990185423,0.2279837372159926
0.40110258133935983,0.3380914385854118,-1.089202623230203,0.492364497024346,-0.25422257197551673,0.8925087810645931,0.08919676587796821
0.40110258133935983,-0.3988288915393239,0.824536342053548,-0.31218199812549635,-0.30574145696142585,-0.18468972653857815,-0.503049551429728
0.40110258133935983,0.4518246777584989,-1.089202623230203,0.1931094755073106,-0.1991600599799948,0.14017800832351804,0.17177399182872205
0.40110258133935983,-1.173082519488037,1.0602350398526204,0.3976474212079777,-0.15213885542936345,0.2853263197928348,0.24229167240547966
0.40110258133935983,0.26888007632029487,-1.089202623230203,0.3360131980704978,-0.2858426283689848,0.7582918321023964,-0.6647632855832877
-2.493127809501511,-0.5106119053358174,1.054927238174273,0.6263013908770769,-0.01570921555927073,0.185385695944365,-0.6518009776318595
0.40110258133935983,2.1175174401383563,-1.089202623230203,-0.32975057924543255,1.2824849100777251,-2.035491627940468,2.3937963267560614
-2.493127809501511,1.3718602245796674,-1.089202623230203,0.7003659850610041,0.4271078672958054,-0.6732231670258109,1.1109877374814794
0.40110258133935983,-0.367964627339762,0.7459867439626822,-0.005445984829077835,-0.35521594174948146,0.5074471153059058,-0.5401479833853265
0.40110258133935983,-1.4039685479313488,0.7466263478510352,-1.9805142988557667,-0.5818717770181769,-0.9554408778774925,-0.4021786083438443
0.40110258133935983,3.9069975159412094,-1.089202623230203,3.262846834131022,6.062428866005819,-1.2043090293363146,1.6270442999051569
0.40110258133935983,0.10685510347740872,0.8868107651448522,-0.03554449416178854,-0.07022655416869839,-0.5578731684613459,0.3651355159609328
0.40110258133935983,-1.2021939839313305,0.8212068662625711,-0.49546093137099223,-0.49314480843133346,0.4791498452949587,-0.768393616170001
0.40110258133935983,-1.226346310040022,0.8664697549827582,-1.0993174800272751,-0.4551189647512576,-0.5756027092351871,-0.21208746939780201
0.40110258133935983,-2.333357724731107,0.9824692754316169,-0.32975057924543255,-0.44435179037589567,0.4532637823155836,-0.6069864806276447
0.40110258133935983,-1.3864969059727272,0.8366909215852721,-0.5147776575567163,-0.5101814767467796,0.5619981849205089,-0.2946646953485559
-2.493127809501511,-0.5041347645253659,-1.089202623230203,-1.1796592194680655,-0.5591107881487409,-0.14886055897559952,-0.3680439629632109
0.40110258133935983,-0.027043042617303212,0.877611173783699,0.7717084212847167,-0.1319674401438752,0.8579695627716962,0.272542735377538
0.40110258133935983,-0.24344033564572654,-1.089202623230203,-0.2266476806081922,-0.4814235806303065,0.8829008991523383,-0.6347847547100767
0.40110258133935983,0.7807313774394654,-1.089202623230203,-0.03554449416178854,-0.01570921555927073,-0.6844341223450655,0.44689514561514454
0.40110258133935983,-1.136318249774192,0.8166997905055922,-0.59402600639447,-0.48510350098644284,0.26577380411206697,-0.25705526570761844
-2.493127809501511,-0.895337252869757,0.9299286485620596,-0.7193156032573852,-0.3180078581485471,-0.6453688198760772,-0.006462000817459518
0.40110258133935983,-0.8329064229447963,0.9152699174656581,-0.0815857421869501,-0.3229144186233956,0.22465894119624188,-0.6832954683049088
0.40110258133935983,0.674192894739034,0.8413085607161415,1.1021612867605757,0.15915514803046849,0.43760177024626806,-0.4423089598991199
0.40110258133935983,1.903944249398877,-1.089202623230203,0.6794914294769514,0.9950422422595181,-1.304672651564844,0.4723428303450179
0.40110258133935983,0.43131992715792733,-1.089202623230203,0.1931094755073106,-0.20938206096926248,0.1788880727334958,-0.6265406587199437
0.40110258133935983,-0.01094587202864042,0.6176088653580754,-0.7851291928408737,-0.30015342975395953,-0.7723874732169952,0.020314277894294824
0.40110258133935983,0.30833225987586355,-1.089202623230203,0.082146991379954,-0.2679881999743972,0.24149579535303373,0.06855245939027975
0.40110258133935983,-0.39372010677484753,-1.089202623230203,-0.7629424946151988,-0.52776331844832,0.26826679029253886,-0.32103217591203914
0.40110258133935983,0.40439988272522964,-1.089202623230203,-2.1085594887496617,-0.2226025155820487,-1.8917492890602083,-0.44070783381839157
0.40110258133935983,-0.03330655952375317,0.9805811057911833,0.5380446037659121,0.00010081263746329008,0.0057423037789267216,-0.2737137902496641
0.40110258133935983,-0.8104177879110219,0.9031227040884063,0.2723578243450625,-0.3324549528800454,0.8876008965369094,-0.028128302675825625
0.40110258133935983,0.4997141320561438,-1.089202623230203,0.15223817718047591,-0.17476355095227591,-0.00824121379812172,0.2083614260989818
0.40110258133935983,0.07959291934573225,-1.089202623230203,-1.1257303359632214,-0.36557423608527273,-0.9230127530229553,-0.07779727769075925
0.40110258133935983,0.09736671446962432,-1.089202623230203,-0.32975057924543255,-0.3584869820660471,0.009231217729869689,-0.7010781877547
0.40110258133935983,0.4792911527970907,0.8826925450500249,0.9347788286191738,0.09468839512482027,0.34554381462569805,0.6124583956649232
0.40110258133935983,2.3819056567540557,1.1259949523921413,2.86401537264741,2.4142648596094434,-0.09172301726164828,4.091126238377497
-2.493127809501511,0.8859182720274842,-1.089202623230203,-0.4386379001988441,0.05148340427684886,-1.1978531751610542,0.5476638891639605
0.40110258133935983,1.073345173138337,-1.089202623230203,0.2723578243450625,0.1828701903255695,-0.7403379212308625,-0.1366642110417917
0.40110258133935983,-0.7752063373260077,0.7649153179715342,-0.6348973047213047,-0.44993981758336205,0.0052047719018585535,-0.611176661647423
0.40110258133935983,-0.19813634062744398,-1.089202623230203,-0.59402600639447,-0.46656760585923746,0.15682920979365425,-0.7551076763511917
0.40110258133935983,0.35868098089905154,-1.089202623230203,-0.0815857421869501,-0.24454574437234333,-0.09492161647499599,0.1037091001415908
0.40110258133935983,1.935823057230045,-1.089202623230203,-0.59402600639447,1.0355213661770182,-2.052080097181536,2.0234252044224825
0.40110258133935983,-0.031461771647869834,1.0022976813351463,0.03884449052575491,0.036627429505779824,-0.7139345209681729,-0.5035605491150669
0.40110258133935983,0.4258067852089378,1.0907670957663682,1.3251800856676927,0.41415999937606635,0.17129528002572203,1.091569825438604
0.40110258133935983,-0.894700583842005,0.912145934556884,0.09636914264029646,-0.3402236736318889,0.6061860925427333,-0.039779049901550796
0.40110258133935983,0.4510095729157771,0.8956941857800171,0.6689693713908094,0.09482468847134384,-0.0605798981971435,0.6126627947390588
-2.493127809501511,4.6150024988366045,-1.089202623230203,1.971918385011539,10.04723743831541,-2.2927086632899583,3.1210482325302746
-2.493127809501511,-0.027043042617303212,-1.089202623230203,0.082146991379954,-0.4064622400423435,0.9661695750521827,-0.13911699993141804
0.40110258133935983,-0.42983316940088173,-1.089202623230203,-1.2071960636421286,-0.5382579061306348,-0.3077009039479504,-0.3367709046204749
0.40110258133935983,-0.1413941229404599,0.933467036716031,0.13842093049233162,-0.10661687769049134,-0.24339944643251366,0.3105609631667465
0.40110258133935983,-1.2556647134554122,0.6959790694373046,-1.8603946516911793,-0.5871872175325962,-0.8099845205646137,-0.41015017223512995
0.40110258133935983,1.1974219418575827,-1.089202623230203,0.7107196894131573,0.2788207062781622,-0.40933022101528477,0.8886015448220234
0.40110258133935983,-0.2749540089155864,1.0736781839807812,0.5380446037659121,0.09468839512482027,-0.240578659770724,0.6124583956649232
0.40110258133935983,1.7994022840079755,-1.089202623230203,-0.03554449416178854,0.867880549953028,-1.7013365749968101,1.7720143432357813
0.40110258133935983,-0.42983316940088173,0.8964109323750425,-0.005445984829077835,-0.24304651756058407,0.0086219849171892,-0.7370353915463752
0.40110258133935983,1.4217660914714738,-1.089202623230203,1.6941145758373986,0.47262984503467753,0.6539120404277651,0.08061200476427598
0.40110258133935983,-0.6531464707709728,0.9620127744851451,0.3360131980704978,-0.21755966176067662,0.4425172512407325,0.14418011682042559
0.40110258133935983,-1.2429197174254771,0.8221625288654477,-0.27751473823880274,-0.4994143023714176,0.9187933775952484,-0.7715277353067458
0.40110258133935983,-1.173082519488037,0.9931895754792561,-0.03554449416178854,-0.27930054773585344,0.10686677748142409,0.05158733623703081
-2.493127809501511,0.24769724166601328,0.7929044870311597,0.45738490265634635,-0.09748522347341222,0.18664654801958158,0.3242557011338269
0.40110258133935983,0.35290818328891543,0.7048895777482888,-3.1298718884677674,-0.10661687769049134,-2.345990702928252,-0.3537360277737238
0.40110258133935983,0.5083867255261627,-1.089202623230203,0.3976474212079777,-0.17026587051699815,0.3539064234674482,0.21510659554545428
0.40110258133935983,-0.361136485841477,-1.089202623230203,0.3360131980704978,-0.5180864908451466,2.5126241502825444,-0.6622764301813053
0.40110258133935983,-0.3983637738689434,-1.089202623230203,-0.6143540975232947,-0.5291262519135557,0.5241874028815914,-0.32307616665339445
0.40110258133935983,-0.557224512097569,0.924635538994182,0.12450463459554598,-0.24413686433277262,0.20924746498132427,0.10432229736399737
0.40110258133935983,-0.3711612125623273,-1.089202623230203,-3.206011645825641,-0.5210849444686652,-1.9590605052774004,-0.3110166212793982
0.40110258133935983,0.5556355107797875,-1.089202623230203,0.03884449052575491,-0.14532418810318498,-0.2604308676266666,0.25251162611225614
0.40110258133935983,0.2885786325992166,-1.089202623230203,-0.6348973047213047,-0.2769835608449528,-0.679024034244496,-0.7497592339113119
0.40110258133935983,-0.4784883162845229,0.8692673268533967,-0.36537203672537083,-0.28625150840855546,-0.3269695011809342,0.04116298345611882
-2.493127809501511,-0.7127151853076974,0.8648574434796352,0.21988665817124078,-0.3513997280468215,0.8953786829247753,-0.5372863963474291
0.40110258133935983,-0.5582532483141165,1.23748023501987,0.830839336577744,0.5310996906932887,-0.6807112908892725,-0.2563739354605
-2.493127809501511,-0.6646618737373963,0.858720099141658,0.0241929872865801,-0.3458117008393552,0.509511145295112,-0.6947418164564986
0.40110258133935983,-0.25741619409252586,-1.089202623230203,-0.16083409102470372,-0.48592126106558425,1.0448370157479459,-0.7647825658602733
0.40110258133935983,1.196574176297058,1.2299417494626983,2.076879890745629,1.3511767567256041,-0.1762999429747668,0.15358247423065993
0.40110258133935983,0.7321175958453432,-1.089202623230203,0.5716128458620996,-0.045284871754885235,0.19314764645345006,0.40254054652773463
0.40110258133935983,0.2633814202449212,0.9945804981178575,0.830839336577744,0.14334511983373446,0.05147092079652105,-0.5921675477528188
-2.493127809501511,-0.5962676688391798,0.8286000094280394,-0.5147776575567163,-0.35657887521471715,-0.25620653103679175,-0.06430693879781432
0.40110258133935983,0.45128132122082937,1.1125983607443781,-0.16083409102470372,0.4820340859448038,-1.4958173763066622,-0.28090182435676353
0.40110258133935983,0.43131992715792733,-1.089202623230203,1.3024743886514991,-0.20938206096926248,2.4947929456300875,0.15644406126855734
0.40110258133935983,0.19554194574633163,-1.089202623230203,-0.0815857421869501,-0.3178715648020235,0.20185955613924036,-0.006257601743323989
-2.493127809501511,-0.31106423238496544,1.0715664379886265,0.0241929872865801,0.07860578023503911,-0.8119438996559469,0.5883393049169308
0.40110258133935983,-0.6190950597437033,-1.089202623230203,-0.9238535489580523,-0.5895042044234968,0.4584248544559537,-0.8165636646412741
0.40110258133935983,-0.35252962239738705,0.8287550357833096,-0.2604105309912804,-0.288295908606409,-0.18050425471405934,0.03809699734408587
0.40110258133935983,0.06786262436946623,-1.089202623230203,-0.5147776575567163,-0.3702082098670741,-0.19993577920507696,-0.7069376278799185
0.40110258133935983,3.235230934873059,-1.089202623230203,1.3401710093053842,3.6204609763430304,-1.9045932566710109,2.4410125128813687
0.40110258133935983,-0.20882550126259003,-1.089202623230203,-0.32975057924543255,-0.47011123286885026,0.6149365835511231,-0.23457136755271024
0.40110258133935983,-1.270934048217117,0.7937931315627281,-1.5064510851591657,-0.5272181450622258,-0.7185942760848355,-0.7854268723479617
0.40110258133935983,-1.0588903247455896,0.9359358794175128,-0.03554449416178854,-0.34335842060193095,0.39622769359784843,-0.531256623660431
0.40110258133935983,0.4824913579894897,-1.089202623230203,0.03884449052575491,-0.18362261847630792,-0.13898308465025713,-0.6136635170494054
-2.493127809501511,-0.33143810122420175,-1.089202623230203,-0.9479695729264843,-0.509091129974591,-0.12161952065602312,-0.7763651800612867
0.40110258133935983,-0.5111112476766333,-1.089202623230203,-2.4981245127616134,-0.5610188950000708,-1.4623435856672786,-0.3709055500011083
0.40110258133935983,-0.278829949187237,0.7943248556576363,0.1931094755073106,-0.29388393581387534,0.5422783618657553,0.02971663530452917
0.40110258133935983,0.08508308982367706,-1.089202623230203,0.05338624364677921,-0.3633935425408956,0.6546561550033432,-0.7035309766443263
0.40110258133935983,-1.0157015668206402,0.6930615905708285,-0.9971194124315256,-0.5445546604028025,0.019486758517964515,-0.7940933939225312
0.40110258133935983,0.2885786325992166,0.600199330094451,0.3976474212079777,-0.18321373843673722,0.40477310768744335,-0.4111721676058076
0.40110258133935983,0.5167513276570249,0.876325069441027,1.2640312519475103,0.10722738300498864,0.8888280225603604,-0.19338495411440107
0.40110258133935983,0.10211802629271077,-1.089202623230203,0.06781987864439544,-0.35657887521471715,0.6430563539858439,-0.5411699787560043
0.40110258133935983,2.421710939669582,-1.089202623230203,2.5303998972442203,1.7650996501176837,0.01856735753449253,3.1175734482699706
0.40110258133935983,-0.06424870059423389,0.7891384577238221,-0.020436908466769294,-0.2251920891659965,-0.07861751348910946,-0.6344440895865173
-2.493127809501511,0.7989374332334187,0.8287550357833096,-0.32975057924543255,0.22280414085697528,-1.3466342732562004,-0.10671974668093664
0.40110258133935983,-0.367964627339762,1.0150459875127236,0.2723578243450625,-0.05291729916020511,-0.21707411654494546,-0.6657512144416093
0.40110258133935983,-0.19813634062744398,1.0052115699994943,0.16595777466639655,-0.016799562331459284,-0.44759755185968075,0.4452599530220603
0.40110258133935983,-0.46776188439899946,-1.089202623230203,-1.8603946516911793,-0.5490250805059967,-0.9834179781400034,-0.3529184314771817
0.40110258133935983,-0.5111112476766333,0.9792857643151653,0.0241929872865801,-0.154183255627217,-0.2528147412574838,0.23922568629344673
0.40110258133935983,-1.0336695727792753,0.8843227147576846,-0.03554449416178854,-0.4007379194883536,0.708608990955514,-0.13053223881772583
0.40110258133935983,-0.9938637746026129,0.9247424703047721,0.082146991379954,-0.3451302341067374,0.6069560201834915,-0.04713741657042985
0.40110258133935983,1.2807865419385016,0.8532805938091426,0.6477526032199719,0.5974745504502669,-0.9552225937135922,0.1742267807183484
0.40110258133935983,-0.34262196104283593,-1.089202623230203,-0.9238535489580523,-0.5124984636376803,-0.06838774108146796,-0.8380596339378605
0.40110258133935983,1.9147497825274802,0.8884152504655367,1.643687975375863,1.29488760461137,-0.6539914851872359,2.4123966425023946
0.40110258133935983,-1.2969888912578953,0.8558053647815664,-1.8603946516911793,-0.47774366027417015,-1.2384945192153813,-0.2460177157042999
0.40110258133935983,-0.0793796056204778,-1.089202623230203,-1.1796592194680655,-0.42554330855564315,-0.7794218884667892,-0.16773287031039216
0.40110258133935983,-0.39001496738978486,-1.089202623230203,-0.050770571935116256,-0.5266729716761315,1.6289305151200806,-0.3193969833189549
-2.493127809501511,0.21143321025299344,-1.089202623230203,-0.45739471243624397,-0.3110568974758451,-0.35590652243798726,0.003962351963452477
0.40110258133935983,1.3706453436062955,-1.089202623230203,1.332690017526001,0.42601752052361685,0.15776346523252244,1.109352544888395
0.40110258133935983,-0.30798674703602663,-1.089202623230203,-0.9479695729264843,-0.5018675826088419,-0.16142707775821563,-0.28219635182628855
0.40110258133935983,0.48781068179207143,1.1430402904422379,1.7126918942958929,0.5857533226492398,0.43558023166048804,0.16543762053052063
0.40110258133935983,-0.0771007185927133,1.0105593680697271,0.8405217255485599,0.034446735961402714,0.3724540095266104,-0.24795950690858742
0.40110258133935983,-0.2753842000511611,0.3307891333514907,-0.36537203672537083,-0.45866259176087043,0.4799434019317364,-0.7511559609179046
0.40110258133935983,-2.2943145679894976,0.9602482185575149,-0.29477098487743464,-0.47488149999717516,0.709772148555115,-0.24172533514745376
0.40110258133935983,-0.05299479181135023,-1.089202623230203,-0.29477098487743464,-0.4160027742989933,0.3487201102679993,-0.1534249351209051
0.40110258133935983,0.11191484382403606,-1.089202623230203,-0.59402600639447,-0.35262636816553367,-0.3742147759942124,-0.058379365647883964
0.40110258133935983,1.2023300386818851,-1.089202623230203,1.5655036523057029,0.2827732133273457,0.9156593599443843,-0.5398924845426571
0.40110258133935983,3.4065395596728676,-1.089202623230203,0.298070981241401,4.148325107428813,-2.342418225443556,2.8368313199448214
0.40110258133935983,0.1752888370692461,-1.089202623230203,0.03884449052575491,-0.3264580456330084,0.43713727176957556,-0.019134743413862336
-2.493127809501511,0.6017603447614105,1.208633890310521,0.6263013908770769,0.867880549953028,-1.244633378097151,0.3769906622607935
0.40110258133935983,-0.12982375408528157,1.0304081700131507,0.382158247027922,0.08936069892157936,-0.4128368622930887,0.6044684519222953
-2.493127809501511,-0.03315448189421006,-1.089202623230203,0.044446881454455925,-0.4086919700151374,0.9107932169382565,-0.14246092502854307
0.40110258133935983,-0.06273842186688462,-1.089202623230203,-0.0038586645420055563,-0.4181385113521736,0.8888411996985796,-0.7746676393896337
-2.493127809501511,0.5582325689461886,-1.089202623230203,-0.1930008218510329,-0.1399948641604752,-0.5527849996128038,0.1814706627972565
0.40110258133935983,0.5149643097187644,1.038831164236308,0.05920842490258618,0.3582964477101453,-1.1305197936533289,1.0077912806329556
-2.493127809501511,0.45889563259782035,-1.089202623230203,-0.305675349373743,-0.19479988376289478,-0.5420196550939352,0.17831294625735133
0.40110258133935983,-1.589869639041828,1.4707022350181247,1.176046379830017,1.9503204264143623,-1.4984306095164541,0.45353395048557305
0.40110258133935983,0.2107610420030105,-1.089202623230203,-0.5925468580972219,-0.3098516687328364,-0.5101124360821153,-0.7346616692464312
-2.493127809501511,-0.5632390025333966,0.9291689658516716,0.04627683234205423,-0.23531060422875866,0.07534497621221559,0.11755903590888178
0.40110258133935983,-0.3817866537973124,-1.089202623230203,0.14762192624209525,-0.524234490705944,2.086109240515575,-0.7644095424238713
0.40110258133935983,-0.35009436008287215,-1.089202623230203,-0.7925345930760463,-0.514567685051654,0.15800796300128167,-0.30124269008820986
-2.493127809501511,-0.6605434797234241,0.9633302471805447,0.2035754828116399,-0.20677031282593988,0.1994264679538747,0.16036089885444796
-2.493127809501511,-0.570582413390664,-1.089202623230203,-1.1886886774460013,-0.5681674747018262,-0.03201266122747831,-0.3816262719563076
-2.493127809501511,-0.9596505509024245,0.7846844980874906,-0.12066721756235435,-0.4720011472696757,1.0769279913765066,-0.5922171788705729
0.40110258133935983,-0.4869079197754078,0.5557477190785822,-1.1905007552996483,-0.4677680470306934,-0.5922549042199134,-0.23105729274228717
0.40110258133935983,-0.967912721212572,0.8234390889823159,0.5377666407595125,-0.43782112650739463,2.2824024942432346,-0.8007191729008514
0.40110258133935983,-1.150192347065414,0.9520668576210091,-0.18652289627623306,-0.33266877559679564,0.13449252409790818,-0.5232409956139464
-2.493127809501511,-0.46730022372583246,1.0271817161972414,-0.009146620705228217,-0.0516945746751549,-0.5422702997147535,0.3929279177692181
0.40110258133935983,0.009922167962388075,0.9088102267963035,0.30640857869815386,-0.06550708573784846,-0.12023167205712305,-0.32290985897181773
-2.493127809501511,1.3485597879597533,-1.089202623230203,0.6742601582624338,0.40839315599542797,-0.6704217089287012,1.0278760446650257
0.40110258133935983,-0.9585185057916707,0.8694061490701596,-0.4647466807435551,-0.3911330281078078,-0.03489884319416982,-0.11612778727675224
0.40110258133935983,1.1558360767857345,-1.089202623230203,0.7158702865845865,0.26213197167727076,-0.33477508638756426,0.8635734565996398
0.40110258133935983,-0.9636558773072007,-1.089202623230203,-2.9840974970104437,-0.6684180520606433,-1.07297274533303,-0.5319720204199054
0.40110258133935983,-0.358660519963834,-1.089202623230203,-0.8348014543780207,-0.5172827673491591,0.10211355551646195,-0.6898837446974357
0.40110258133935983,0.5009984297978528,-1.089202623230203,0.8075266985218894,-0.17409750326470416,1.1347881011928933,-0.48716067351160025
-2.493127809501511,0.21177372222812937,-1.089202623230203,-0.45731035540975185,-0.31090291904874523,-0.3563153065252311,0.004193273345448306
0.40110258133935983,-1.0062507831210534,0.898364370805977,0.03202026867283933,-0.3728855287183885,0.6903631235558958,-0.4254433617705554
0.40110258133935983,0.0707749827254083,-1.089202623230203,-0.29477098487743464,-0.3690163137288171,0.10994490141899374,-0.08295936007694099
-2.493127809501511,-0.7578548130431688,0.8645245271293259,0.03634451721531137,-0.3622118987942291,0.6331020349473155,-0.3558967484237987
0.40110258133935983,-1.3024054966231131,-1.089202623230203,-1.45616777950047,-0.728895593652398,1.0269056596247466,-0.8262998436094567
0.40110258133935983,0.005839991786121046,-1.089202623230203,0.022698802963243017,-0.39274083361485124,0.7801963977155204,-0.7416654096880853
-2.493127809501511,-0.4869239937157428,0.792536490514585,-0.013701564399265315,-0.35143146223602506,0.4738951985164157,-0.7481188571244918
0.40110258133935983,1.673918377985348,0.2162560838263463,0.7098537062349078,0.9891775709817955,-1.014531427754867,1.953923434369518
0.40110258133935983,0.06820888156649299,-1.089202623230203,-0.11764299145609383,-0.36846038109647256,0.3956638390679227,-0.08212562814334799
0.40110258133935983,0.07306727130886347,-1.089202623230203,-0.11054290280084171,-0.36655466760590194,0.3975455553898296,-0.0792676304275691
-2.493127809501511,-0.41647463241142074,0.9762211964567914,0.09671395488160836,-0.11316677812810264,-0.23420079806136962,0.30073808025076987
0.40110258133935983,2.0926207526388776,-1.089202623230203,1.1161405820035408,1.694166312512696,-0.9298475403722094,1.6023141745961187
0.40110258133935983,-0.5897178055370441,0.5423854406948604,-1.2780627872404304,-0.5039735380688567,-0.5533454808148078,-0.2853546523389497
-2.493127809501511,-0.5291595587014954,0.8420027314905643,-0.433451210637577,-0.32554390640435876,-0.266290330003248,-0.28382529246701804
-2.493127809501511,0.3983118284436618,-1.089202623230203,-0.3772939562642745,-0.22492261454599513,-0.5387661045126931,0.13313789964247655
-2.493127809501511,-0.2497642417774306,-1.089202623230203,-0.2748305070411853,-0.4817165407499763,0.8075205208041825,-0.7626806267673025
0.40110258133935983,-0.26392387698192377,-1.089202623230203,-0.3077590178461648,-0.48638710839736127,0.7860063477519719,-0.5831408505077502
-2.493127809501511,0.6386345209778536,-1.089202623230203,-0.401487428404809,-0.09776939779191762,-0.8853560773014533,0.3238295250285572
-2.493127809501511,-0.5406591510633093,0.8471091039156359,0.25143104075137257,-0.3230497929555796,0.7992030074323535,-0.6194519740403064
0.40110258133935983,-0.5668266625561919,0.9174392160586247,0.5549756690955828,-0.2495129108338063,1.0594567714123215,-0.4608865880069873
-2.493127809501511,-0.5364233283758003,1.0061848322444156,0.03173069283386121,-0.11253902701151752,-0.35413843965425085,0.30167951833480244
0.40110258133935983,0.10441707112692256,-1.089202623230203,-0.41870826710865716,-0.3556235148094089,-0.12961787403977906,-0.5638973685808745
0.40110258133935983,0.03762906919424678,-1.089202623230203,-0.08881893607520405,-0.38102439774849906,0.5112152994111792,-0.1009678786023863
0.40110258133935983,0.11407150875166232,-1.089202623230203,-0.5605041406538539,-0.3517500287986098,-0.3155771128355546,-0.537549069292077
-2.493127809501511,0.365731060897973,0.8380616307116513,0.6838623439470175,0.03923103371413894,0.22777656779833416,0.3317106683913747
0.40110258133935983,0.10683983770326883,-1.089202623230203,-0.18602604975660467,-0.3543857098503598,0.21274235706572553,-0.06101784962849646
0.40110258133935983,-0.17154184395825547,-1.089202623230203,0.4555517305004531,-0.44247268690985697,2.2390635351585155,-0.6505945015000602
0.40110258133935983,0.3943433277772031,0.9505034102263974,0.7892810954193376,0.16108895582777794,-0.02477469236021812,0.7120392884667411
-2.493127809501511,-0.12555172391157476,-1.089202623230203,-0.6290487479852349,-0.4407971034937023,-0.027533464052620832,-0.28268392101745005
0.40110258133935983,-0.5853628809607991,-1.089202623230203,-1.6392860374296032,-0.556981648898483,-0.5981862445458623,-0.5331479260021575
0.40110258133935983,-1.3454141054175175,0.9671506209539765,-0.2620555546535,-0.349674331753266,0.07036241733330134,-0.10249861174167257
0.40110258133935983,0.7007729587998278,-1.089202623230203,-0.04299631037660828,-0.06371559185986685,-0.5807794331572249,0.3749000033816474
0.40110258133935983,-0.1573480108955442,-1.089202623230203,-0.41374640860255235,-0.4510613888400812,0.3637647976696463,-0.2060023245199801
-2.493127809501511,0.9858324990821092,-1.089202623230203,0.12026361693273513,0.15077115976921535,-0.7849066288229366,0.6965656940816719
0.40110258133935983,-0.9617184785794849,0.8231755796461779,0.5381778641060719,-0.4370236578664237,2.274932491166618,-0.800753314077784
-2.493127809501511,0.68959857875234,-1.089202623230203,-0.056695172994922216,-0.025616735374931365,-0.5810591020178877,0.4320368423380271
0.40110258133935983,0.1385574555855093,-1.089202623230203,0.09151784998098425,-0.3416892155600366,0.6072149219565612,-0.04197692251133661
-2.493127809501511,0.9386818698009627,-1.089202623230203,0.2283214530956733,0.09120986293923289,-0.6053838208774132,-0.2526381756772389
-2.493127809501511,-0.5357182013747465,0.8460581331543205,0.1585613354871434,-0.32330399516133895,0.6318178462954793,-0.6834902175613025
-2.493127809501511,-0.38397512038146553,-1.089202623230203,-1.018453177914657,-0.5243078903305938,-0.1299066694908767,-0.6521474957416484
0.40110258133935983,-0.008133403960156452,0.9821633303799521,0.8037182478713681,0.02167529856069937,0.35298378124933166,-0.3130107193008521
0.40110258133935983,-1.1020356828551985,-1.089202623230203,-4.72808188522092,-0.6907371522450352,-1.9420969874713072,-0.5654439655264769
0.40110258133935983,0.4415273204118342,1.086092222292461,1.3204424502351522,0.4174288015135401,0.15908715226079495,1.0964720466216191
-2.493127809501511,0.19302962260389062,0.9556210640841833,0.5769027737459489,0.11234125896240954,-0.06908211578206519,0.6389323880957999
0.40110258133935983,-0.08466210482924216,-1.089202623230203,-0.012348763202120354,-0.4262578393598254,0.9235736186524016,-0.7852180499705577
0.40110258133935983,-0.31578159761846525,-1.089202623230203,-0.5941021615271869,-0.5042780085306072,0.3870771120222565,-0.28581126656165984
0.40110258133935983,0.5100206191710496,-1.089202623230203,0.38523978310550444,-0.1694033709591796,0.3326622414139285,0.2164000857675168
0.40110258133935983,-1.0725839441225389,0.9296755878694124,-0.09379323048195104,-0.34622073348539134,0.3558071701433816,-0.53340292837078
0.40110258133935983,0.06454734730475575,0.8734973606052916,0.664211527035743,-0.09839480899175848,0.5291673404132187,0.32289159611667617
0.40110258133935983,0.1112294463637159,-1.089202623230203,-0.846658020399534,-0.352848119622329,-0.6620146350964832,-0.5677254282753553
-2.493127809501511,0.060041953337856335,-1.089202623230203,-1.09546774505318,-0.366282971752325,-0.8265743015544029,-0.7049754018997543
0.40110258133935983,0.6320287744274231,-1.089202623230203,1.049656267215278,-0.09582131141262919,1.2884406755890472,-0.24585889869238742
0.40110258133935983,2.4268566202490023,-1.089202623230203,2.1369409151859977,1.7741698447948597,-0.30368918557071667,3.1311760153910533
-2.493127809501511,-0.1928545635435066,-1.089202623230203,-0.1389653352612995,-0.4543913387373363,0.9377661176572905,-0.6296725356402673
-2.493127809501511,-0.31035258267843985,1.0002794157131147,-0.057223369318221286,-0.03744658791374389,-0.6235321757414982,0.41429561748905785
-2.493127809501511,-0.5758931367603892,0.8326691776708309,-0.4900863304099907,-0.34715642290167203,-0.25926804901273554,-0.13095437872035376
-2.493127809501511,-0.5425921900333724,0.9023665704258051,0.060045045925893964,-0.26738793224588214,0.20652109900795168,0.0694526806488479
0.40110258133935983,-0.3844252820431814,-0.9670493730891156,0.36145344720123673,-0.5108052975547388,2.509119884919446,-0.6568166289322993
0.40110258133935983,0.07311876229475356,-1.089202623230203,1.01525612646955,-0.3189774382386148,2.9997343509027004,-0.007916079668445875
0.40110258133935983,0.02806321615629996,0.7983169015533995,-0.03054370585382586,-0.18315873242879305,-0.2308681704863858,-0.4746171418138093
0.40110258133935983,-1.0242036216469077,0.9157170884010175,-0.03598646002840791,-0.35466889203478236,0.4937725648460844,-0.539737778272448
-2.493127809501511,0.02380455898366418,-1.089202623230203,-0.36098636533365414,-0.3851993501365624,0.09997999482859168,-0.2953720929854843
-2.493127809501511,-0.667538660079614,0.8590875208196239,0.03590849369524521,-0.34614623679171846,0.5326117064402935,-0.6853155024882043
0.40110258133935983,-0.40828277768760934,-1.089202623230203,0.1066419272620894,-0.5305684678931384,2.0769658954319414,-0.77992424841413
0.40110258133935983,0.0677858304113658,0.897520692707492,0.6393317088475527,-0.06675299997146755,0.3853706052570454,0.15901696285987713
0.40110258133935983,0.08418553353234416,-1.089202623230203,-0.6396946509288521,-0.36367401706498426,-0.3738583966337208,-0.6545393200488531
0.40110258133935983,0.24025737066527125,0.8900746623233582,0.2592994607446406,-0.007813228219425601,-0.33766678181466425,0.45873675448906787
0.40110258133935983,2.764557313283071,0.13264687799847874,2.1806867699713384,2.9551523195290414,-0.9046578007140647,3.351175405192052
-2.493127809501511,0.19113276867613044,-1.089202623230203,-0.037175142388488736,-0.31957812421957876,0.28082290984947744,-0.514102441374519
-2.493127809501511,0.46660442162608895,-1.089202623230203,0.8162866415985434,-0.18927742476664855,1.2533813654516723,0.09768645013352095
0.40110258133935983,0.41647400028886195,-1.089202623230203,1.2780139939280248,-0.2151172095521889,2.4791421673576006,0.14784306136444877
0.40110258133935983,1.065170630058185,-1.089202623230203,0.09062344458045074,0.19088225761475403,-0.9161377637990097,0.23948201040206954
-2.493127809501511,-0.44718883273017784,0.8583737908931152,-0.3341131741327139,-0.28763553856829716,-0.2786074153768842,-0.551960973495361
-2.493127809501511,-0.49181263921339746,1.0177467562622693,0.08671516362725135,-0.07794594650711151,-0.3748916856374745,0.3535587465359654
0.40110258133935983,-0.10901786972176974,0.7345288552739917,-0.3645103773045545,-0.254342259364795,-0.36449845262239866,-0.3742269303332348
0.40110258133935983,0.740209789292497,0.9092748767612028,0.7626529949951322,0.3010261973403343,-0.36155984024158816,0.9219031103760533
0.40110258133935983,-0.7616699258426954,-1.089202623230203,-1.691316434955278,-0.6171103825579342,-0.4001849237058527,-0.4550259301674959
0.40110258133935983,-0.9083799187132603,-1.089202623230203,-1.9505839907717981,-0.6166729120651637,-0.4515750773250373,-0.6687847985342688
0.40110258133935983,2.5633515363593613,-0.08296281048587373,1.4946047142014363,2.4371765080845833,-1.268269470820576,2.4264523552115533
0.40110258133935983,-0.41163432614932705,0.5655310848076992,-1.1263910759574711,-0.44125972636435173,-0.6207429440997705,-0.19130277545078475
-2.493127809501511,0.37081122094786256,1.1719552492604604,0.5440922055580697,0.6642917794078517,-1.0467765789972705,0.42106883731780553
-2.493127809501511,-0.641107822160838,0.7548102680269704,-0.05442735219160283,-0.4170527965206061,0.8330680403239773,-0.7773771616330017
-2.493127809501511,0.5051944823976111,-1.089202623230203,-0.2479713482742412,-0.17163656767411767,-0.5408582445505612,0.2130509615986645
0.40110258133935983,0.5326375353207192,-1.089202623230203,0.21348900149418215,-0.1574643562997154,0.038592988083762325,0.23430502100265677
0.40110258133935983,-0.967268635849756,0.8723220571938577,0.17056834781203978,-0.3959504924764362,1.1361065717481948,-0.5811179497421523
0.40110258133935983,0.7532390511388634,-1.089202623230203,0.9923313555309227,-0.0237981295163745,0.9061651295123134,0.4347642047749176
0.40110258133935983,2.7729589956690885,-0.3968813069782682,1.4464257454956564,2.8063279533900727,-1.4667845798498302,2.4309947145443003
0.40110258133935983,-1.3946541539222734,0.9122394310748535,-0.02773156430667556,-0.4029399179293979,0.7479217061064551,-0.5759337968313046
0.40110258133935983,-0.12746594374230713,1.0289776432229278,0.37799706485217566,0.08777088021188123,-0.4142817235126835,0.6020842014757818
0.40110258133935983,-0.8952791512536925,0.8540521122947524,-0.4970870101539954,-0.39718434367327177,-0.05413596274622129,-0.12520294267084808
0.40110258133935983,-0.6396738398585696,0.3717678272903967,0.6402822387301894,-0.4310023712697098,2.470712632247973,-0.5969764215339688
0.40110258133935983,-0.09887916426389837,-1.089202623230203,-0.6752551284037491,-0.4275714665617024,-0.1393187312809451,-0.41014782131372685
0.40110258133935983,0.6344528408301706,-1.089202623230203,-0.0037063210904275667,-0.1011986206439483,-0.4334379759500796,0.3186867209677715
-2.493127809501511,0.3296437255596944,0.8891233885550014,0.4964799457725101,0.12594480951222264,-0.14461744528409892,0.3364609961923762
-2.493127809501511,-0.31992864729431386,1.0625987031135014,0.2861288677044328,0.056055153673870525,-0.47024415634412214,0.5545201398010325
0.40110258133935983,-0.3964816893302872,-1.089202623230203,-0.612612532801579,-0.5285097867437278,0.5232311957650738,-0.3221516540989403
-2.493127809501511,-0.8704059465503321,0.8068487350361451,0.060089558481062885,-0.433756789122562,1.151818821155898,-0.6633974744233747
-2.493127809501511,-0.5455154977242477,0.8387361500841769,-0.45327251694492876,-0.3331079110588453,-0.26383265386433324,-0.2303231330466135
0.40110258133935983,-0.5672679021894722,0.545303271562929,-1.2589424551884607,-0.49606758847620136,-0.5618418699342317,-0.2734981030787005
0.40110258133935983,0.9406748278986099,-1.089202623230203,-0.035488847746020236,0.098618281569407,-0.8898349225133934,0.36052179951798374
0.40110258133935983,0.3880910833882021,0.8957361791157495,0.5751859440429489,0.06430391092237094,-0.11372362684845394,0.5668907975577605
0.40110258133935983,-0.3886397307409908,-1.089202623230203,0.002565703279663295,-0.5262672600831464,1.7523360253714064,-0.47324355585800426
-2.493127809501511,-0.46501934632883957,0.9487893162414573,-0.09884390689467841,-0.17875914482604247,-0.33653608814844904,0.20236923565644804
0.40110258133935983,0.31449644774967844,0.7362680875971568,0.39207315925572506,-0.08845869252487829,0.08710702440578023,-0.5660910838829519
-2.493127809501511,-0.5942605814474916,0.8301361342770162,-0.5059532132727821,-0.35446650388510403,-0.2522671745696637,-0.06113901640823023
-2.493127809501511,-0.31950188380519223,1.0496179652795912,0.2622701714904045,0.03518694967804667,-0.4464902954983306,0.5232241030947936
-2.493127809501511,-0.7357535791850118,0.9814639298058409,0.34267579165560524,-0.1985651983571967,0.38249547899040515,0.17266610555283304
0.40110258133935983,-0.06873993052649584,1.0048361871060347,0.7827755063296458,0.027889720323818718,0.3024446996474178,-0.25287628369777054
-2.493127809501511,0.3542015219837539,1.1693173471277554,0.5381797786231413,0.6496498178563612,-1.0325468568109057,0.424238908745205
-2.493127809501511,-0.45965367517163225,1.026081518753613,0.1263523817985046,-0.053008478538724646,-0.38985229045787423,0.390957456700744
0.40110258133935983,0.035361368350744965,0.9642551487952583,0.7805078489984049,0.013620892429533342,0.34070473065451923,-0.3540357713363564
0.40110258133935983,0.11720690439478337,-1.089202623230203,-0.7177479562924688,-0.35047776290940225,-0.5120152621937257,-0.5365950609841099
0.40110258133935983,-0.3649876229104535,-1.089202623230203,0.30087931383470545,-0.5192330573144662,2.4330815827359893,-0.68132366579549
